Su,Nu,Lu (km),Cl (km),Lur,Rb,ρ,Lb,A (sq. km),P (km),Ff,Re,Rc,Cc,Rt,Rf,Rw,Fs,Dd,C,Di,If,Lg (km),H (km),S (°),Rh,Rn,M,FFR
2,3,4.982,4.048,0.9073506891271057,2.0,2.2042194092827003,5.904,5.133,12.454,0.14725788772115364,0.43300642711251225,0.4158755665429195,1.561688682444086,0.16059097478721696,0.3250361329693271,0.6856368563685638,0.5844535359438925,0.9705825053574908,1.030309112806102,0.602167804094741,0.5672603771814675,0.515154556403051,1.319,24.32,0.2234078590785908,1.2801983245665303,0.5821825223951913,T
2,3,6.5693,5.997,0.5317164179104477,2.0,3.7614035087719304,8.961,13.568,18.516,0.16896738400220346,0.46382750574115045,0.4973147665194027,1.4281061466206137,0.10801468999783971,0.3238820479585224,0.6692333444928021,0.22110849056603774,0.48417600235849056,2.0653646507238212,0.4566696603899959,0.10705542504978417,1.0326823253619106,1.968,28.1,0.21961834616672246,0.9528583726415094,0.5342778585985754,T
3,12,31.853,18.117,1.496572473246795,3.25,2.09928840867275,20.617,58.6032,47.543,0.13787019481352225,0.41897706867669654,0.32580521381723204,1.764400412911983,0.18930231579832993,0.3810655617020382,0.8787408449337925,0.2047669751822426,0.5435368717066645,1.8398015885473893,0.3767306062223338,0.11129840111939236,0.9199007942736948,2.484,28.86,0.12048309647378376,1.3501455893193548,0.32448223593134795,T
3,31,26.459,6.152,2.0503574207325928,5.0,2.9658099669637443,7.199,12.06,17.075,0.23270352426786137,0.5443228171747716,0.5197993679908307,1.3968774038361234,1.4641288433382138,0.36029282576866767,0.854563133768579,2.570480928689884,2.1939469320066336,0.4557995389092558,1.1716240220718848,5.639498747280733,0.22789976945462792,0.903,20.669,0.1254340880677872,1.9811340796019903,0.2600243960999894,T
2,4,10.407,7.35,5.128386336866902,3.0,0.5849793293523197,9.523,10.698,20.898,0.1179655032832574,0.38755431063894646,0.3078243760879052,1.8152007477752434,0.1435544071202986,0.35170829744473153,0.7718156043263678,0.3739016638624042,0.9727986539540101,1.0279619486883829,0.3843566830018257,0.3637310353165116,0.5139809743441914,1.299,17.79,0.13640659456053764,1.263665451486259,0.3971530062529694,T
4,30,70.294,30.186,2.28258890946474,2.275,2.041470102627076,32.542,121.834,64.55,0.1150482511991585,0.38273226017595274,0.3674395274032249,1.6614345168013887,0.34082106893880715,0.4676374903175833,0.927601253764366,0.24623668269941068,0.5769653791224124,1.7332062480439299,0.4267789569522293,0.14207004098751067,0.8666031240219649,2.599,26.39,0.07986601929813779,1.49953302033915,0.23546265029615365,T
3,9,3.503,2.576,1.0614967554644807,2.5,2.5701817007187278,3.101,1.333,6.083,0.13862023058794215,0.42011517383317015,0.4526936269473655,1.4968351582100754,0.9863554167351636,0.4234752589182969,0.8306997742663658,6.751687921980495,2.6279069767441863,0.3805309734513274,2.5692263773908075,17.742807794972,0.1902654867256637,0.674,26.696,0.21734924217994198,1.7712093023255817,0.5837740984743264,T
3,11,8.348,3.536,1.8226205311940182,3.0,1.469104121543146,4.218,4.625,9.733,0.2599552461048306,0.5753132183446089,0.613519194185262,1.2857664476342792,0.8219459570533237,0.3633001130175691,0.838311996206733,2.3783783783783785,1.804972972972973,0.5540249161475802,1.317680881648299,4.292908692476261,0.2770124580737901,1.012,31.098,0.23992413466097676,1.8266326486486488,0.47057044163498046,T
2,8,29.822,19.858,1.4005473718103518,7.0,4.998045864704868,22.711,47.468,46.635,0.09202978747604298,0.3423097496538343,0.27427538636957555,1.9230153370413936,0.15010185483006327,0.4258175190307709,0.8743780546871561,0.16853459172495153,0.6282548243026881,1.5917108175172692,0.2682583327744618,0.1058826703130847,0.7958554087586347,1.755,21.47,0.07727532913566114,1.1025872166512176,0.2547279813540426,T
3,15,15.895,6.774,1.8696670064358607,4.0,1.626193498105987,7.592,6.913,15.076,0.1199372696676997,0.3907798288403335,0.3822118637862536,1.629011251837396,0.7959671000265323,0.44932342796497743,0.8922550052687039,2.1698249674526253,2.299291190510632,0.4349166404529727,0.9436929852154766,4.98905943261384,0.21745832022648634,1.518,19.55,0.1999473129610116,3.4903240271951392,0.5773490999560147,T
2,9,8.625,4.258,1.5084358021160997,8.0,5.303507109004739,4.95,5.066,10.562,0.20675441281501886,0.5130768894079917,0.5706669525295651,1.33316776484233,0.7574323044877864,0.40314334406362434,0.8602020202020202,1.776549545992894,1.70252664824319,0.5873623188405797,1.0434782608695652,3.0246229439772425,0.29368115942028983,1.212,28.777,0.24484848484848484,2.063462297670746,0.5384805574008927,T
4,52,47.297,9.869,2.165779541567075,2.775,1.6709623398452347,10.295,24.909,23.594,0.23501933373448305,0.5470245967852401,0.56229342661758,1.343057673395289,1.6529626176146477,0.41828430957022966,0.9586206896551724,2.0875988598498534,1.8987916014292023,0.5266507389475019,1.0994354821658878,3.96391518223608,0.26332536947375096,1.369,22.047,0.13297717338513843,2.599445702356578,0.2742996805424211,T
4,60,46.71,7.493,3.297544361029576,3.1374999999999997,1.5375449897157347,8.262,22.812,20.359,0.3341896393476744,0.6523062656898532,0.6916085318456622,1.2110051627733847,2.259442998182622,0.3680436170735301,0.9069232631324134,2.6301946344029457,2.047606522882693,0.48837508028259474,1.2845215157353886,5.385603689854532,0.24418754014129737,1.901,32.987,0.23008956669087388,3.8924999999999996,0.3980159125797192,T
3,17,62.852,24.999,2.1202142207103862,3.5,2.944970691032032,27.949,101.067,57.57,0.12938288391784217,0.40587609465953495,0.3832011288042444,1.6269071801907593,0.20844189682126107,0.43423658155289213,0.8944506064617695,0.16820524998268477,0.6218844924653942,1.6080156558263858,0.270476675364348,0.10460423651549668,0.8040078279131929,1.819,21.009,0.06508282943933592,1.131207891794552,0.1809372610046916,T
3,20,17.035,6.843,2.111831307206438,4.166666666666666,2.0653350553792786,7.858,8.446,16.398,0.1367813948281928,0.41731939911689797,0.3947109520690418,1.603011275812083,0.9757287474082206,0.4173069886571533,0.8708322728429626,2.3679848448969927,2.0169310916410135,0.49580275902553567,1.174053419430584,4.776062258207467,0.24790137951276783,1.128,13.16,0.1435479765843726,2.275098271371063,0.38813567401679366,T
5,173,290.076,42.482,2.360309407514379,3.5375,1.5596413222638568,45.233,294.051,83.224,0.14371823520419608,0.4277706632782707,0.5335011424140056,1.3788229036367396,1.7422858790733442,0.5104537152744401,0.9391815709769417,0.5883333163294803,0.9864819368068806,1.0137033053406692,0.5963954274052317,0.5803801893807208,0.5068516526703346,2.704,24.74,0.059779364623173355,2.6674471571258054,0.1576868061639741,T
4,114,240.81,46.746,2.7315678685989453,3.465441176470588,2.8501158570525997,49.397,299.189,119.298,0.122615246133938,0.39511843814882286,0.26417344542318094,1.9594382676404531,0.7711780583077671,0.3918422773223357,0.9463327732453388,0.38103005123851474,0.8048758477083048,1.2424276400481709,0.47340226734770147,0.30668188549293834,0.6212138200240854,2.478,24.737,0.050164989776707095,1.9944823506211795,0.14326116909855552,T
4,45,146.913,43.957,1.9280062519163723,2.8,2.150424968629731,46.894,196.955,109.709,0.08956378779668925,0.33769239908386056,0.20563278695719656,2.220905015835178,0.32814080886709385,0.4006690426491901,0.9373693862754298,0.22847858647914496,0.7459216572313473,1.340623362125884,0.30630373077944084,0.1704271258683995,0.670311681062942,3.312,26.63,0.07062737237173199,2.470492528750222,0.23599718509260464,T
4,110,439.176,61.168,2.8396278326176265,3.55,1.8946336280820693,63.868,849.916,185.964,0.20835761225429997,0.5150622791165846,0.3088361365580658,1.812224970710677,0.48934202318728354,0.3289238777397776,0.9577253084486753,0.12942455489718982,0.5167287120138931,1.935251470936481,0.2504690602400859,0.0668773835549963,0.9676257354682406,3.145,24.188,0.049242187010709586,1.6251117992836939,0.10787794062575692,T
4,115,339.748,58.737,2.58278676086595,3.4348684210526317,2.6389779608212356,61.429,484.144,135.418,0.12830029737197446,0.4041744823900672,0.3317658094929839,1.7484787241616147,0.6719933834497629,0.43374588311745854,0.9561770499275587,0.23753263491853663,0.7017498925939389,1.4250091244098568,0.33848617210403004,0.16668850104163838,0.7125045622049284,2.426,21.483,0.039492747725015875,1.702445239432896,0.11025632672490004,T
3,14,43.331,27.669,1.1477121514377386,3.166666666666667,4.18205174419452,28.034,57.034,57.519,0.07257109787939857,0.30397432724639156,0.21663121790680226,2.1637926690467952,0.17385559554234253,0.4810410473061076,0.9869800955982022,0.24546761580811446,0.7597398043272434,1.3162401052364359,0.3230943204634096,0.18649151840273184,0.6581200526182178,2.778,24.164,0.09909395733751873,2.110557176421082,0.36784539687153783,T
2,8,35.772,16.418,1.4600096279485593,7.0,4.794488930758361,19.174,51.75,41.365,0.14076183121007554,0.4233480009235952,0.3800617474512592,1.633612640876988,0.16922519037833916,0.39690559651879603,0.8562636904141024,0.15458937198067632,0.6912463768115942,1.4466621938946662,0.22363860002236385,0.10685934327522228,0.7233310969473331,2.454,25.061,0.12798581412329196,1.6963186086956523,0.3411295813973743,T
3,19,54.879,21.393,1.4574745233000304,3.75,2.6953299969921516,23.447,88.396,50.435,0.16078963389761403,0.45246405411030344,0.43669520864007805,1.524006966593029,0.2775850104094379,0.4241697234063646,0.9123981746065596,0.21494185257251458,0.6208312593330014,1.6107436359991985,0.34621622114105577,0.13344262101596255,0.8053718179995991,2.192,25.426,0.09348743975775153,1.3608621204579392,0.2331439999475119,T
3,9,19.012,11.267,1.8843209687448845,2.5,1.3394255196264846,14.838,29.663,32.888,0.13473000883823047,0.4141781924671469,0.34462756241225406,1.7155412363075446,0.18243736317197762,0.34258696180977866,0.7593341420676641,0.3034082864174224,0.6409331490408927,1.5602251209762255,0.47338523038081215,0.19446442845861966,0.7801125604881127,3.382,28.1315,0.22792829222267155,2.1676359100562994,0.6209634915921395,T
3,11,20.892,11.887,2.0031903711219954,3.0,1.8179008013782854,14.375,32.97,29.563,0.1595523629489603,0.45071984420763384,0.47405835416876635,1.462716847261544,0.2706085309339377,0.4020904509014647,0.8269217391304348,0.33363663936912347,0.6336669699727024,1.5781160252728317,0.5265173272065863,0.21141451834090771,0.7890580126364158,0.96,22.556,0.06678260869565217,0.6083202911737943,0.16719056270739907,T
2,3,6.117,4.662,2.54962275101567,2.0,0.7844297746414751,6.776,7.449,13.984,0.1622374754150004,0.4544966109184723,0.4786796972895136,1.4556389297248875,0.14302059496567507,0.33338100686498856,0.6880165289256198,0.4027386226339106,0.8211840515505437,1.2177538008827855,0.49043648847474247,0.33072253385040024,0.6088769004413929,1.448,18.19,0.21369539551357733,1.1890745066451873,0.5305417611684025,T
2,3,3.719,3.719,0.23,2.0,1.0,5.388,5.052,11.735,0.17402360768713118,0.47071619796299075,0.4610064673392447,1.4832783463356716,0.0852151682999574,0.31691521090754154,0.6902375649591685,0.19794140934283452,0.7361441013460016,1.3584296853993008,0.2688894864210809,0.14571340089984197,0.6792148426996504,0.921,24.818,0.17093541202672607,0.6779887173396675,0.40975848862760045,T
3,15,38.654,16.444,2.279138945578497,3.333333333333333,2.7569560698653786,18.652,57.827,41.756,0.16621868746570537,0.4600393526159594,0.41677604429813436,1.560000693957997,0.26343519494204426,0.3938116677842705,0.8816212738580312,0.2593944005395404,0.6684420772303596,1.4960159362549799,0.38805815698245977,0.1733901319185743,0.7480079681274899,2.525,23.98,0.13537422260347415,1.687816245006658,0.3320443168152816,T
3,8,25.934,15.389,2.174678031989938,2.25,1.720382621159465,18.147,33.105,36.352,0.1005272758102141,0.35776431192345487,0.3148087803942307,1.794951619744243,0.13754401408450706,0.4233329665492958,0.8480189563013171,0.24165533907264766,0.7833861954387555,1.2765096012955963,0.3084753605305776,0.1893094566835839,0.6382548006477982,2.834,21.051,0.15616906375709486,2.2201164778734332,0.4925530921206563,T
4,36,71.401,25.633,2.0980871444802918,2.3535714285714286,3.5473548236489902,27.768,115.617,60.221,0.14994517482426936,0.43693949939149146,0.4006227745892566,1.5911398345081396,0.4317430796565982,0.4256488600322147,0.9231129357533852,0.31137289498949117,0.6175648909762405,1.6192630355317155,0.5041946191229816,0.19229296794714149,0.8096315177658577,2.458,25.646,0.08851915874387785,1.5179745020195992,0.22859726519235676,T
3,32,97.216,36.951,2.0576004899808416,5.1,5.992613052997414,39.609,122.878,80.846,0.07832247053800656,0.3157899091648507,0.23624733792040825,2.0720140882641744,0.3215990896271924,0.4570541523390149,0.9328940392335076,0.260420905288172,0.7911587102654665,1.2639688940092166,0.3291639236339698,0.20603426755395537,0.6319844470046083,3.063,17.35,0.07733090964174809,2.423319129543124,0.27631847908966195,T
2,11,27.064,12.271,2.0847298722606356,10.0,4.796784529765585,15.624,48.68,36.548,0.1994188047901937,0.5038927546836692,0.45796596256004224,1.4881940546137251,0.2736127831892306,0.3357502462515049,0.785394265232975,0.22596548890714874,0.5559572719802793,1.7986993792491872,0.40644398462902753,0.12562715677450847,0.8993496896245935,1.643,22.925,0.06070795152231747,0.9134377978635989,0.23548447411953893,nT
3,151,248.399,25.371,11.333945066205336,15.384615384615385,12.29380668025359,26.682,156.778,76.999,0.22021574158834387,0.5295161853649605,0.3322957708541775,1.7470838885995312,1.6104105248120106,0.3294977856855284,0.9508657521924894,0.9631453392695404,1.5843995968822158,0.6311539096373173,0.6078929464289308,1.5260070872776448,0.31557695481865866,2.369,24.951,0.009537075431060513,3.7534426450139695,0.18920059627722505,nT
2,6,382.889,30.888,1.3751790378296402,5.0,3.635890209533146,36.445,226.53,101.793,0.17054925076399616,0.4659936162627913,0.2747259989446259,1.9214376004673708,0.04911929111039069,0.30343933276354956,0.8475236657977775,0.026486558071778573,1.6902352889242043,0.5916336066066145,0.015670337878601892,0.044768515135060374,0.29581680330330723,0.748,13.865,0.0019535687888657025,1.2642959961153049,0.049697979817078415,nT
3,18,14.583,7.11,8.063170672887253,4.75,0.9241178800723747,8.153,7.746,17.364,0.1165313044590344,0.38519120581448324,0.32284034470068845,1.7724837592682867,0.8638562543192813,0.4094678645473393,0.872071630074819,2.3237800154918666,1.8826491092176607,0.5311664266611809,1.2343139271754782,4.3748623761835645,0.26558321333059043,0.192,11.996,0.013166015223205102,0.3614686289697909,0.06898624117697197,nT
3,17,21.466,7.651,1.2048069525120848,3.5,3.5270914302957586,7.981,8.179,16.638,0.12840607958749795,0.40434106681762244,0.37128536616642244,1.6528074037012017,0.7212405337179949,0.4598509436230316,0.9586517980202982,2.078493703386722,2.6245262256999635,0.3810211497251467,0.7919500605608869,5.455061234490693,0.19051057486257336,1.916,25.62,0.08925743035497996,5.02859224844113,0.6699546420458822,nT
4,39,43.649,12.795,1.9245271900756487,3.1666666666666665,1.731387258425051,13.875,26.255,29.146,0.136378540702865,0.41670439291680345,0.3883863566802058,1.6160105175208694,0.9606807109037261,0.4389967748576134,0.9221621621621622,1.4854313464102076,1.6625023804989527,0.6015028981190863,0.8934912598226763,2.4695331494747346,0.30075144905954315,2.372,25.4,0.054342596623061235,3.9434556465435158,0.4629229088099307,nT
3,69,98.64,16.072,2.1480335552407803,8.333333333333334,3.4082555816645765,17.622,66.886,38.848,0.2153896500722927,0.5236817926935325,0.5569391637839647,1.349498128249581,1.441515650741351,0.4137149917627677,0.9120417659743502,1.03160601620668,1.4747480788206802,0.6780819140308191,0.6995133819951337,1.5213589905006568,0.33904095701540954,2.226,31.208,0.0225669099756691,3.282789223454834,0.2721808385518751,nT
4,64,115.123,17.819,2.3466001607944036,4.033333333333333,1.5654130200572374,18.455,67.933,42.63,0.19945856716062516,0.503942988090044,0.46974264914680625,1.4694207536325918,1.1963406052076002,0.4179920243959652,0.9655377946356002,0.9421047208278744,1.694655027747928,0.5900905987509013,0.5559271387993711,1.5965425018160155,0.2950452993754506,2.47,23.64,0.02145531301303823,4.185797918537382,0.2996791693654123,nT
3,43,55.212,11.622,2.9434582789319634,6.0,5.40411637151947,13.651,36.494,30.63,0.19583600199283283,0.4993457139298473,0.48880691164128093,1.4404808752178901,1.1753183153770814,0.3794319294809011,0.8513662002783678,1.1782758809667342,1.5129062311612869,0.6609794972107512,0.7788161993769469,1.782620922341627,0.3304897486053756,1.412,26.32,0.025574150546982536,2.136223598399737,0.23373511483620005,nT
3,27,25.345,9.84,2.1096276990031066,4.666666666666667,4.469435306196578,9.894,17.155,20.686,0.1752455143175432,0.47236587394364987,0.503787683465851,1.4189019739002486,0.9668374746205163,0.475684037513294,0.9945421467556095,1.5738851646750218,1.4774118332847566,0.6768593410929178,1.0652988755178536,2.325276566522205,0.3384296705464589,2.337,32.57,0.09220753600315645,3.4527114543864763,0.5642393248780624,nT
3,28,28.963,7.11,2.6490751785075815,4.75,2.027347346912963,7.714,16.047,17.802,0.26967120984315546,0.5859659106542631,0.6363061535956982,1.2625340628846877,1.1796427367711493,0.3993933265925177,0.9217008037334716,1.7448744313578861,1.804885648407802,0.5540517211614819,0.9667506819044989,3.149298819431573,0.27702586058074097,1.406,21.027,0.048544694955633044,2.5376692216613694,0.3509848689955878,nT
2,12,10.524,5.121,0.7861842105263157,5.0,6.359832635983264,5.672,6.662,13.183,0.20707715230931747,0.513477184625928,0.4817103617361884,1.451052653197933,0.758552681483729,0.3884548281878177,0.9028561354019747,1.8012608826178325,1.579705794055839,0.6330292664386166,1.1402508551881414,2.8454622528775246,0.3165146332193083,1.21,25.52,0.11497529456480426,1.9114440108075652,0.46879509189701496,nT
4,108,142.908,16.459,2.27329104656842,4.41919191919192,1.9238006947487105,18.173,76.937,46.024,0.23296034173338503,0.5446230985277462,0.45643232064647804,1.490692171719387,1.7164957413523378,0.35761776464453326,0.9056842568645794,1.40374592198812,1.8574677983285024,0.5383673412265234,0.755730959778319,2.607412847127887,0.2691836706132617,1.372,18.969,0.009600582192739387,2.5484458193067057,0.15641791314295525,nT
4,42,65.123,16.726,2.2466375236950435,3.357142857142857,3.217941258069212,16.385,38.18,38.325,0.14221422293085145,0.42552646505163727,0.3266490963065539,1.7621198165021863,0.8349641226353555,0.4364253098499673,1.0208117180347878,1.1000523834468308,1.705683603981142,0.5862752023094758,0.6449334336563118,1.8763413139656355,0.2931376011547379,1.404,18.98,0.021559203353653852,2.3947797799895234,0.22722135521119613,nT
3,14,9.866,3.804,1.8583757010854216,3.75,1.5785146627251887,4.392,7.04,10.767,0.36496229275947983,0.6816776536447278,0.7631204591063064,1.152868086290301,1.021640196897929,0.353301755363611,0.8661202185792348,1.9886363636363635,1.4014204545454545,0.7135617271437259,1.4190147982971821,2.7869156766528924,0.356780863571863,0.879,28.14,0.08909385769308738,1.2318485795454546,0.3312855898548178,nT
4,85,107.932,16.756,1.8006652378436419,3.9852941176470593,2.4276528746179005,18.405,94.993,47.294,0.28042708649990206,0.5975373259860369,0.5336903786348128,1.3785784300809383,1.3320928659026516,0.3542944136676957,0.9104047813094267,0.8948027749413116,1.1362100365290075,0.880118963792017,0.7875328910795686,1.0166838936023248,0.4400594818960086,1.578,28.471,0.014620316495571287,1.792939437642774,0.16190534900283235,nT
3,14,14.71,7.287,2.7012484754272887,3.75,4.168976537111891,8.407,12.767,18.372,0.18063702147195076,0.4795771043130212,0.47531973783291626,1.4607747094818408,0.5987372087959939,0.3966361854996734,0.8667776852622814,1.0965771128691157,1.1521892378789067,0.8679129843643779,0.9517335146159075,1.2634643479521184,0.43395649218218896,1.44,27.526,0.09789259007477906,1.6591525025456255,0.4030120789793313,nT
3,29,31.96,9.842,1.9574737704542535,5.666666666666667,2.508592898433728,10.735,22.528,23.552,0.19548729621102356,0.4989009481141838,0.5103603377464515,1.4097357316139403,1.0614809782608696,0.41788383152173914,0.9168141592920355,1.2872869318181819,1.4186789772727273,0.7048811013767209,0.9073842302878599,1.8262469078883652,0.35244055068836044,1.743,28.294,0.0545369211514393,2.472757457386364,0.3672282375854472,nT
4,29,28.558,8.931,2.4463996845736546,3.1666666666666665,1.1740296827225125,9.68,15.334,22.449,0.1636457550713749,0.45646494573506885,0.3823590052381877,1.6286977792342214,0.979999109091719,0.3978350928771882,0.9226239669421487,1.8912221207773576,1.8623972870744752,0.536942362910568,1.01547727431893,3.5222069469909862,0.268471181455284,0.177,13.574,0.006197913019118985,0.32964431981218206,0.04520073916920547,nT
3,25,54.293,12.977,2.9404450645878355,4.5,3.2856363821732315,14.958,42.938,36.069,0.19190873993466862,0.49431345992711573,0.41474720886900573,1.5638115978983453,0.55449277773157,0.3597826388311292,0.8675625083567322,0.5822348502491965,1.264451068983185,0.7908570165583041,0.4604645166043505,0.7362074787968611,0.39542850827915205,1.287,16.745,0.023704713314791962,1.627348525781359,0.19640730706085366,nT
3,26,22.672,9.703,1.370530925866838,4.625,4.9067361211836795,10.968,22.132,23.842,0.18397795110874898,0.4839917382673093,0.4892661367680695,1.439804698943005,0.8807985907222549,0.40697089170371614,0.8846644784828592,1.174769564431592,1.0243990601843485,0.976182074805928,1.1467889908256879,1.2034328377368992,0.488091037402964,0.763,24.432,0.03365384615384615,0.7816164829206579,0.16218631529053903,nT
3,34,36.548,10.415,1.787999706165576,5.3,3.067943375842885,11.422,32.199,25.512,0.24680734059100265,0.5605754774973523,0.6216747603802119,1.2773048108770209,1.0975227343994982,0.40823925995609905,0.9118368061635439,1.0559334140811827,1.1350663064070314,0.8810058005910035,0.9302834628433839,1.1985544401328945,0.44050290029550176,0.996,25.848,0.027251833205647367,1.1305260411814033,0.1755246623951074,nT
3,47,45.896,12.688,2.547983733705693,6.333333333333334,5.944565622118801,14.551,41.422,32.636,0.19563447215420618,0.499088715821271,0.48870533428548063,1.4406305693441348,1.2256403971074885,0.3887731339624954,0.8719675623668477,1.1346627396069722,1.108010236106417,0.9025187380163847,1.0240543838242984,1.2572179300130752,0.4512593690081924,2.169,23.039,0.04725902039393411,2.4032742021148183,0.33701095609780984,nT
4,31,35.838,9.755,2.502038334744411,3.033333333333333,1.445701546047094,11.277,16.39,23.552,0.1288818592838294,0.4050894714000405,0.3713070816612367,1.6527590716639724,0.9765625,0.41418987771739135,0.8650350270462004,1.8913971934106162,2.1865771812080537,0.45733578882750153,0.8650036274345666,4.135685943712609,0.22866789441375077,1.768,17.562,0.04933311010659077,3.8658684563758388,0.43670964520604,nT
4,47,43.678,8.649,2.067176599083217,3.2592592592592595,1.8180679489652536,9.616,27.307,25.302,0.295314710507446,0.6131935808210136,0.5360115543954052,1.3755902532270479,1.3437672911232315,0.34183068532131844,0.8994384359400998,1.721170395869191,1.5995166074632878,0.6251888822748294,1.0760565959979853,2.7530406324669325,0.31259444113741475,1.93,31.071,0.04418700489949173,3.0870670524041453,0.3693348710447491,nT
3,13,13.647,7.014,1.4370174154111326,3.5,1.9889740048121047,8.121,11.064,17.239,0.16776182660605224,0.46216987324124587,0.46784058263278644,1.4724047839633079,0.5800800510470445,0.406868147804397,0.8636867380864426,1.1749819233550254,1.2334598698481563,0.8107276324466915,0.9525903128892796,1.449293050255426,0.4053638162233458,0.959,20.03,0.07027185462006301,1.182888015184382,0.2883118704369485,nT
4,135,133.971,23.281,1.981773385748134,4.754545454545455,3.8613038271265876,24.904,84.876,54.309,0.13685059462257332,0.4174249498939678,0.3616189292253971,1.6747523188818172,1.9702075162496089,0.4286766465963284,0.9348297462255059,1.5905556341015128,1.5784320656015833,0.633540094498063,1.0076807667330991,2.510584014989087,0.3167700472490315,0.534,15.463,0.003985937255077591,0.8428827230312456,0.057962726362650416,nT
3,27,36.531,11.979,1.7223949136941215,4.6,3.5404939153343675,12.832,15.807,25.515,0.09599768308343852,0.3496112788580879,0.30511824097689183,1.8232326091296964,0.823045267489712,0.4694885361552028,0.9335255610972567,1.708104004554944,2.311064718162839,0.4327009936766035,0.73909830007391,3.9475388998795884,0.21635049683830174,1.387,16.097,0.037967753414907886,3.2054467640918576,0.34886044820766665,nT
2,6,10.422,8.277,0.3876165113182424,5.0,12.899347303332187,9.368,7.977,15.868,0.09089622101439498,0.34019503679876784,0.39811182038949167,1.596149732631936,0.3150995714645828,0.5216158306024703,0.8835397096498718,0.752162467092892,1.3065062053403536,0.7654001151410478,0.5757052389176741,0.9827049306809729,0.3827000575705239,0.502,10.477,0.04816733832277873,0.6558661150808575,0.17773948649511226,nT
3,52,81.402,17.799,2.2304204548306092,6.642857142857142,3.211200355668278,19.019,69.559,41.689,0.1922994193881202,0.4948163550192801,0.5029447027576273,1.42009057993196,1.055434287222049,0.4269471563242102,0.9358536200641464,0.7475668137839819,1.170258341839302,0.8545121741480552,0.6388049433674847,0.874846299912933,0.4272560870740276,1.764,26.36,0.021670229232696986,2.0643357150045287,0.2115056220467711,nT
4,29,28.342,7.286,2.6787722646000645,2.9,1.6175479080525714,8.073,19.388,19.797,0.2974836531673869,0.6154412653738753,0.6216473818623979,1.2773329380183096,1.0607667828458858,0.36803556094357726,0.9025145546884676,1.4957705797400453,1.4618320610687021,0.6840731070496084,1.0232164279161668,2.186565389467318,0.3420365535248042,1.53,29.82,0.05398348740385294,2.2366030534351142,0.34747608948319525,nT
4,32,22.841,5.236,2.1984450417374415,3.1,1.6619876248349235,6.29,14.138,16.973,0.35734415796138413,0.6745255465855411,0.6167094721801597,1.2824364589833068,1.4140104872444472,0.3084899546338302,0.8324324324324324,2.263403593153204,1.6155750459753855,0.6189746508471609,1.4009894487982137,3.6566983640693405,0.3094873254235804,1.121,20.226,0.04907841162821242,1.8110596265384071,0.29813408029691707,nT
2,4,12.088,7.017,6.107964601769911,3.0,0.49116198203419303,9.441,15.118,20.256,0.16961269147214694,0.4647123691825967,0.4630168844416517,1.4800546494595062,0.1481042654028436,0.3464158767772512,0.7432475373371464,0.2645852626008731,0.7995766635798386,1.25066181336863,0.3309066843150231,0.21155620150280158,0.6253309066843151,0.951,16.236,0.07867306419589676,0.7603974070644265,0.244586986612888,nT
3,8,16.639,7.898,2.2096064985678865,2.25,1.1441013479933464,9.994,19.977,22.095,0.20000993992433086,0.5046390441214019,0.514223738977035,1.404430022531179,0.22629554197782306,0.3574564381081693,0.7902741644986992,0.4004605296090504,0.8329078440206237,1.2006130176092313,0.48079812488731294,0.33354671633203126,0.6003065088046157,0.963,16.728,0.0578760742833103,0.8020902537918606,0.21545726980164057,nT
3,29,91.379,31.111,3.092349924301201,4.8,6.9417831453333845,32.256,100.153,73.926,0.09625935380300847,0.3500874402383546,0.23029229662013911,2.0986328195099437,0.3111219327435544,0.4208397586775965,0.9645027281746031,0.28955697782392936,0.9123940371232016,1.0960176845883627,0.31735956839098695,0.26419005997396827,0.5480088422941813,2.076,16.99,0.02271856772343755,1.8941300210677665,0.20744136800702084,nT
5,124,533.626,63.23,2.4457758186835488,3.206168831168831,1.4566991333804986,66.841,515.195,155.265,0.11531498905738885,0.3831756831644853,0.26855569610430996,1.943385605428606,0.5925353428010177,0.4072392361446559,0.9459762720485929,0.24068556565960458,1.035774803715098,0.9654608283704319,0.2323724855985278,0.24929604452813428,0.48273041418521595,2.25,10.845,0.0042164362306184484,2.3304933083589705,0.09912808088820552,nT
3,36,84.261,36.109,1.697073971903997,5.5,4.79521017357994,39.157,121.493,82.337,0.07923780454496916,0.31762982571643106,0.225201377074213,2.122221181414131,0.34006582702794613,0.43855131957686094,0.922159511709273,0.29631336784835344,0.6935461302297251,1.4418651570714804,0.42724392067504546,0.20550698960656258,0.7209325785357401,2.124,18.809,0.02520739131982768,1.4730919806079361,0.19269874417152869,nT
2,6,26.589,19.4,1.0368469434656045,5.0,4.822312523088289,21.81,29.393,40.854,0.06179204715141249,0.28049256315153553,0.2213016283743285,2.1408382762971625,0.12238703676506585,0.47486170264845545,0.8895002292526364,0.2041302350899874,0.9046031368012791,1.1054571439317011,0.2256572266726842,0.18465685097838513,0.5527285719658506,1.97,15.25,0.07409078942419797,1.7820681794985198,0.36336598386033425,nT
5,132,371.352,66.906,1.9337381739731785,3.4972222222222222,2.5766312147488155,70.369,562.153,148.112,0.11352506882805025,0.38019022469108105,0.3220207846736499,1.7747378587066263,0.7156746246084045,0.4517257210759426,0.9507879890292601,0.23481151928389601,0.6605888432508586,1.5138009220362354,0.35545789439669107,0.15511386990572557,0.7569004610181177,3.442,24.74,0.009268833882677354,2.2737467984694555,0.14517224723163463,nT
2,9,23.183,10.146,1.7202534616287257,8.0,4.650477489768076,12.51,30.514,32.567,0.19497751119647846,0.4982500151423976,0.3615376223798388,1.6749406273243674,0.24564743451960575,0.31154235882949,0.8110311750599521,0.29494658189683426,0.759749623123812,1.3162230945089075,0.38821550273907607,0.2240855544377764,0.6581115472544536,1.576,25.196,0.06798084803519822,1.1973654060431278,0.28530319961546396,nT
3,9,28.589,13.976,2.1588939436297556,2.5,1.1844116006692693,15.841,45.707,38.141,0.18214511537645936,0.48157487868207655,0.39482844217445595,1.602772751991617,0.15731103012506228,0.36642982617131176,0.8822675336153022,0.196906381954624,0.6254840615223051,1.5987617615166674,0.31480639406764843,0.12316180352464054,0.7993808807583337,2.033,25.22,0.0711112665710588,1.2716090970748462,0.3007087186568969,nT
2,4,5.103,3.284,1.7037625861155272,3.0,1.760808709175739,5.65,8.828,14.635,0.27654475683295476,0.5933866532783558,0.5179486852136191,1.399370770330702,0.20498804236419543,0.22439357704133925,0.5812389380530972,0.45310376076121434,0.5780471227911191,1.7299627669998041,0.7838526357044876,0.2619153252338555,0.864981383499902,0.563,17.086,0.11032725847540661,0.32544053013140006,0.18948604562389373,nT
